loss,accuracy,jaccard (IOU),recall,precision,dice (F1 Score)
0.07340051532719695,0.9702325282996236,0.5640932499726048,0.7284930141583033,0.7233519797011202,0.7135957812499322
