,Train,Val,Test
loss,0.05992715749889612,0.055028729140758514,0.0763633425589452
accuracy,0.9762042830387752,0.9784274263815447,0.96948374399511
jaccard (IOU),0.680940552552541,0.6713036407123912,0.5456707443100702
recall,0.8006956150134404,0.7959687601436268,0.6965993961776703
precision,0.820429461201032,0.8112260753458197,0.7246764898300171
dice (F1 Score),0.8098288595676422,0.8027471249753778,0.6951213654037897
