,Train,Val,Test
loss,0.05644239712224788,0.05103417460552671,0.07142389021495696
accuracy,0.9768560458632076,0.9793627126650377,0.9707117723400482
jaccard (IOU),0.6834245133800667,0.6627026010643352,0.5617055994229809
recall,0.7904223514204266,0.7814373997124758,0.712476185380458
precision,0.8344050725968946,0.8149102655324069,0.7347537826388756
dice (F1 Score),0.8111196300562691,0.7907466265288267,0.7102249851218322
