loss,accuracy,jaccard (IOU),recall,precision,dice (F1 Score)
0.0763633425589452,0.96948374399511,0.5456707443100702,0.6965993961776703,0.7246764898300171,0.6951213654037897
