loss,accuracy,jaccard (IOU),recall,precision,dice (F1 Score)
0.07256387542681338,0.970081935361611,0.5555063256483486,0.7083295578952362,0.7260940221280814,0.7062082550491726
