,Train,Val,Test
loss,0.055482911932117795,0.051734171553768894,0.07340051532719695
accuracy,0.977444564594942,0.979425083507191,0.9702325282996236
jaccard (IOU),0.6902275936944144,0.6640624065290798,0.5640932499726048
recall,0.7982124120247465,0.7791805172508414,0.7284930141583033
precision,0.8361215676580157,0.8193867342038588,0.7233519797011202
dice (F1 Score),0.8160315792099768,0.7909619144418023,0.7135957812499322
