,Train,Val,Test
loss,0.06159031557060089,0.053677674044262276,0.07256387542681338
accuracy,0.9756722921082953,0.9792375266551971,0.970081935361611
jaccard (IOU),0.6664888638408244,0.6576635681770064,0.5555063256483486
recall,0.7705104270903003,0.7674060985445976,0.7083295578952362
precision,0.8318922785149903,0.82180055975914,0.7260940221280814
dice (F1 Score),0.7990707689974489,0.785376949743791,0.7062082550491726
