loss,accuracy,jaccard (IOU),recall,precision,dice (F1 Score)
0.07142389021495696,0.9707117723400482,0.5617055994229809,0.712476185380458,0.7347537826388756,0.7102249851218322
