loss,accuracy,jaccard (IOU),recall,precision,dice (F1 Score)
0.07262895167457252,0.9704909799786224,0.5673277072104695,0.7323029872785684,0.7194180966908397,0.7170459765980677
