,Train,Val,Test
loss,0.05864329949146559,0.05348465515469963,0.07262895167457252
accuracy,0.9763764528667226,0.9791036519137296,0.9704909799786224
jaccard (IOU),0.6752367565611831,0.656896058131348,0.5673277072104695
recall,0.7796269219462612,0.7738756334239786,0.7323029872785684
precision,0.83462239563966,0.8158462183042006,0.7194180966908397
dice (F1 Score),0.8052714857734552,0.7840231508016586,0.7170459765980677
