epoch,loss,accuracy,jaccard (IOU),recall,precision,dice (F1 Score),val_loss,val_accuracy,val_jaccard (IOU),val_recall,val_precision,val_dice (F1 Score)
1,0.43844547867774963,0.8819868564605713,0.2919325828552246,0.9245479702949524,0.2990574836730957,0.4519316256046295,2.6435818672180176,0.12302912026643753,0.05962939187884331,0.9989561438560486,0.059633105993270874,0.11254763603210449
2,0.4309097230434418,0.8906129002571106,0.31088921427726746,0.9377214312553406,0.3174436688423157,0.4743180572986603,2.1765224933624268,0.15013235807418823,0.061348993331193924,0.9978252649307251,0.06135719642043114,0.11560569703578949
3,0.4343315064907074,0.8886597752571106,0.30073243379592896,0.9098716378211975,0.30996614694595337,0.4624047577381134,1.8826260566711426,0.1760943979024887,0.06308095902204514,0.9964914321899414,0.06309496611356735,0.11867573112249374
4,0.43014585971832275,0.8965973854064941,0.3221917152404785,0.9339641332626343,0.3297025263309479,0.48736006021499634,1.6671864986419678,0.20415160059928894,0.06505179405212402,0.9947226643562317,0.06507425755262375,0.12215705960988998
5,0.43315258622169495,0.8884216547012329,0.3034457266330719,0.9236278533935547,0.31125548481941223,0.4656054675579071,1.4946017265319824,0.23444925248622894,0.06732244044542313,0.9926639199256897,0.06735595315694809,0.12615202367305756
