,Train,Val,Test
loss,0.05991422799356942,0.05533509577314059,0.0763633425589452
accuracy,0.9762295041909198,0.9783023513596634,0.96948374399511
jaccard (IOU),0.6700929544143033,0.6469323752426553,0.5456707443100702
recall,0.7897788989770261,0.7713599318060381,0.6965993961776703
precision,0.8178104325688841,0.8066396822874573,0.7246764898300171
dice (F1 Score),0.7995046618618543,0.7767587225327547,0.6951213654037897
