epoch,loss,accuracy,jaccard (IOU),recall,precision,dice (F1 Score),val_loss,val_accuracy,val_jaccard (IOU),val_recall,val_precision,val_dice (F1 Score)
1,0.45536568760871887,0.867363452911377,0.2702624797821045,0.9334120750427246,0.27557557821273804,0.42552223801612854,2.2229020595550537,0.14108987152576447,0.06061135604977608,0.9955345392227173,0.06062784045934677,0.11429513245820999
2,0.45771393179893494,0.8676798343658447,0.2708601951599121,0.9340101480484009,0.27614474296569824,0.4262627959251404,1.9328153133392334,0.16786059737205505,0.06231163069605827,0.9933598041534424,0.06233759596943855,0.11731328070163727
3,0.4578532576560974,0.8669227957725525,0.2669820189476013,0.9210054278373718,0.2732388973236084,0.4214456081390381,1.7261322736740112,0.19264107942581177,0.06398773938417435,0.9914750456809998,0.0640229657292366,0.12027908861637115
4,0.46434658765792847,0.8578197360038757,0.24913263320922852,0.8963915109634399,0.25651928782463074,0.3988890051841736,1.5418570041656494,0.22351659834384918,0.06621101498603821,0.9890393614768982,0.06625963002443314,0.12419870495796204
5,0.454971581697464,0.8693407773971558,0.27478140592575073,0.9406965374946594,0.2796252965927124,0.43110355734825134,1.417402744293213,0.24788546562194824,0.06810373067855835,0.9873865246772766,0.06816302984952927,0.12752269208431244
