loss,accuracy,jaccard (IOU),recall,precision,dice (F1 Score)
0.05533509577314059,0.9895468896274775,0.6546153512364843,0.7804064775980525,0.8160269920100319,0.7859288854625848
